id;content;material_id;created
1;productivity Rial;Account orange auxiliary;2022-05-17T14:45:06
2;envisioneer clicks-and-mortar redundant;magnetic;2022-05-18T03:43:02
3;cultivate;Centers Table;2022-05-18T06:42:13
4;silver Islands Product;navigate;2022-05-17T21:38:43
5;Intuitive tangible;Human;2022-05-17T23:09:43
6;Avon;Focused hacking;2022-05-18T04:41:10
7;Metal deploy Handcrafted;synthesize Architect;2022-05-18T04:09:36
8;Gorgeous programming;Concrete;2022-05-17T20:54:40
9;Table;Neck Indiana;2022-05-18T05:42:52
10;Marketing Paraguay withdrawal;Cheese leading-edge Soap;2022-05-17T22:20:32
