id;keywords;education;language
1;connecting microchip;Handmade;mobile
2;HDD Fresh intangible;THX applications hacking;Communications
3;Cambridgeshire Books maximized;architectures transmit;Assistant AGP Generic
4;Unbranded;Shoes;Account
5;Dynamic;compressing;Accounts
6;Creek Functionality;multi-byte Awesome schemas;disintermediate engineer
7;generate virtual Account;South;invoice Open-architected Key
8;Florida;index array;override
9;Cotton;AI Row;feed Romania
10;Steel Loan;Sleek Incredible;Mississippi Drives deposit
